# x_m,y_m,w_tr_right_m,w_tr_left_m
0.9110,3.2243,0.6610,0.5397
0.9237,2.9554,0.6726,0.4793
0.9388,2.6864,0.7006,0.4620
0.9386,2.4107,0.7539,0.4113
0.9306,2.1351,0.8177,0.4191
0.9119,1.8677,0.8198,0.3893
0.8986,1.6063,0.8014,0.3998
0.8986,1.3458,0.7988,0.3523
0.8891,1.0868,0.7900,0.3610
0.8847,0.8252,0.7856,0.3655
0.8582,0.5563,0.7591,0.3919
0.8576,0.2866,0.7585,0.3925
0.8671,0.0169,0.7680,0.3830
0.8645,-0.2505,0.7653,0.3857
0.8574,-0.5125,0.7594,0.4001
0.8631,-0.7760,0.7622,0.4610
0.8664,-1.0464,0.8226,0.4842
0.8703,-1.3200,0.8705,0.4801
0.8659,-1.5935,0.8665,0.4842
0.8487,-1.8651,0.8494,0.5016
0.8132,-2.1318,0.8628,0.5384
0.7858,-2.3997,0.8701,0.5638
0.7495,-2.6686,0.9350,0.6002
0.7072,-2.9351,0.9063,0.6906
0.6713,-3.2023,0.8749,0.7252
0.6389,-3.4699,0.8636,0.7644
0.6052,-3.7364,0.8815,0.8458
0.5682,-4.0028,0.8874,0.8867
0.5272,-4.2693,0.8822,0.8749
0.4498,-4.5288,0.8358,0.8426
0.3469,-4.7861,0.7985,0.9102
0.2888,-5.0505,0.7908,0.9202
0.2308,-5.3153,0.7541,0.9708
0.1697,-5.5782,0.7736,1.0350
0.1039,-5.8332,0.7700,1.0516
0.0215,-6.0734,0.8251,1.1331
-0.0755,-6.2934,0.8415,1.2495
-0.1831,-6.4924,0.8592,1.3202
-0.3246,-6.6582,0.8740,1.4782
-0.4773,-6.7919,0.8636,1.5575
-0.6348,-6.8808,0.8209,1.5138
-0.8094,-6.9383,0.7282,1.4826
-0.8894,-6.9601,0.7052,1.4815
-1.1064,-6.9653,0.5950,1.4200
-1.3436,-6.9256,0.5052,1.3912
-1.6007,-6.8596,0.4091,1.2910
-1.8536,-6.8046,0.3500,1.1437
-2.0773,-6.7345,0.3500,1.0657
-2.2655,-6.6235,0.3500,1.0569
-2.4156,-6.4811,0.3573,1.0571
-2.5527,-6.3347,0.3576,0.9830
-2.6873,-6.1692,0.3832,0.8911
-2.7922,-5.9656,0.4017,0.8113
-2.8777,-5.7359,0.3907,0.7706
-2.9379,-5.4901,0.4398,0.7123
-2.9683,-5.2327,0.5316,0.6370
-2.9692,-4.9561,0.6188,0.6425
-2.9079,-4.6813,0.7077,0.5644
-2.8240,-4.4017,0.8251,0.4544
-2.7027,-4.1417,0.9147,0.4159
-2.5602,-3.9041,0.9510,0.3935
-2.4299,-3.6695,1.0594,0.3669
-2.3036,-3.4464,1.1479,0.3681
-2.1771,-3.2292,1.1284,0.3500
-2.0392,-3.0299,1.0898,0.3686
-1.9166,-2.8245,1.0449,0.3500
-1.7839,-2.6164,0.8978,0.3500
-1.6759,-2.3932,0.8470,0.3500
-1.5340,-2.1737,0.7504,0.3500
-1.4121,-1.9360,0.7045,0.3500
-1.3768,-1.6859,0.7146,0.3500
-1.3506,-1.4283,0.7017,0.3500
-1.3980,-1.1715,0.7513,0.3500
-1.4221,-0.9247,0.7713,0.3500
-1.5017,-0.6896,0.7927,0.3500
-1.5313,-0.4341,0.7576,0.4219
-1.5714,-0.1679,0.7168,0.4780
-1.6442,0.0908,0.6540,0.4980
-1.7138,0.3536,0.5882,0.5323
-1.7820,0.6159,0.5424,0.5548
-1.8341,0.8815,0.4803,0.6005
-1.8776,1.1510,0.4213,0.6619
-1.9358,1.4144,0.3690,0.7173
-2.0357,1.6609,0.3500,0.7168
-2.0582,1.9288,0.3513,0.7997
-2.1442,2.1741,0.3500,0.8188
-2.1646,2.4423,0.3500,0.8697
-2.2129,2.7007,0.3500,0.9211
-2.2484,2.9614,0.3500,0.9655
-2.2757,3.2232,0.3653,1.0155
-2.3038,3.4821,0.3500,1.0189
-2.2990,3.7377,0.3500,1.0729
-2.3015,3.9814,0.3500,1.1002
-2.2568,4.2198,0.3617,1.1430
-2.2310,4.4399,0.4380,1.1778
-2.1681,4.6420,0.4890,1.2126
-2.0788,4.8244,0.5358,1.2509
-1.9669,4.9743,0.5871,1.3506
-1.8292,5.0845,0.5727,1.5191
-1.6916,5.1820,0.5820,1.5353
-1.5401,5.2540,0.5739,1.4663
-1.3692,5.3166,0.5380,1.5093
-1.1517,5.3525,0.5404,1.5985
-0.8970,5.3697,0.5614,1.5495
-0.6462,5.3719,0.5681,1.4339
-0.4187,5.3636,0.6010,1.3427
-0.2057,5.3210,0.6479,1.2909
-0.0063,5.2352,0.6873,1.2365
0.1782,5.1109,0.7303,1.1200
0.3450,4.9478,0.7314,0.9509
0.4842,4.7444,0.6712,0.8475
0.6272,4.5265,0.6226,0.7495
0.7482,4.2907,0.6330,0.7300
0.8224,4.0331,0.6229,0.6314
0.8732,3.7649,0.6224,0.5783
0.8944,3.4948,0.6450,0.5557
